prefecture,population_worldpop,superficie_km2,densite_worldpop_moyenne,densite_calculee,agents_mobile_money,agents_mm_pour_10000_hab,agences_moov,agences_togocom,agences_telecom,agences_canal,agences_telecom_total,datacenters,antennes_opencellid,antennes_pour_10000_hab,score_population,score_deficit_mobile_money,score_deficit_antennes,score_priorite,rang_priorite,niveau_priorite
Blitta,328039.65625,3215.483752722248,86.6912410808668,102.01875720015056,122,3.719062548554296,1,1,2,0,4,0,0,0.0,0.6182718294495492,1.0,1.0,0.8473087317798198,1,Forte
Dankpen,271032.3125,2656.243020179989,86.61946708213486,102.03596223723336,201,7.416089917323049,0,1,1,0,2,0,0,0.0,0.5717081418301075,0.9296155199834351,1.0,0.8005294647254171,2,Forte
Haho,364772.9375,2786.774216424993,110.87323328267478,130.89432769618062,423,11.596254999043069,1,2,3,0,6,0,0,0.0,0.6441617731170431,0.8500330023786896,1.0,0.7976779101982931,3,Forte
Tchamba,255860.78125,3230.922305311631,66.8218284800209,79.19125162167016,205,8.012169704105444,0,2,2,0,4,0,0,0.0,0.5576571725188331,0.9182672767446959,1.0,0.7903697797054117,4,Forte
Zio,660573.5625,2264.6579543939265,248.3359257518797,291.6880057839836,1309,19.81611245605973,2,4,6,0,12,0,1,0.0151383594011151,0.7890105050815845,0.6935423045251111,0.9615384615384616,0.7853288161503706,5,Forte
Kpendjal,226276.609375,1825.1462129229135,104.22690436434824,123.97725057469516,168,7.4245411606632175,0,0,0,0,0,0,0,0.0,0.5276853122495045,0.9294546241315363,1.0,0.7828559745524164,6,Forte
Yoto,216079.921875,1309.7509895123817,140.76867874592833,164.97786495694592,169,7.821180169519162,0,1,1,0,2,0,0,0.0,0.5164381594875428,0.9219033599379177,1.0,0.7753366077701842,7,Forte
Est-Mono,204780.53125,2346.7980900424777,74.24964874909355,87.25954402250831,163,7.959741045939884,0,0,0,0,0,0,0,0.0,0.5033372882474972,0.9192654202461811,1.0,0.7690410833974715,8,Forte
Oti,351891.21875,4421.330163712746,67.16763098873831,79.58944609884203,534,15.175144236247014,0,2,2,0,4,0,0,0.0,0.6353920748783742,0.7818976512245618,1.0,0.7669158904411744,9,Forte
Anié,259216.53125,2171.67582176038,102.05375246062992,119.36244288978487,297,11.457602590691254,1,1,2,0,4,0,0,0.0,0.5608355288961554,0.8526726846670404,1.0,0.7654032854252784,10,Forte
Ave,202852.25,906.783018021812,190.65061090225564,223.70539144252092,200,9.859392735352948,1,3,4,0,8,0,0,0.0,0.5010295670458867,0.8830996083559497,1.0,0.7536516701607345,11,Forte
Tandjouare,169992.8125,946.2047081016254,154.39855812897366,179.65754243715116,158,9.294510613500202,0,0,0,0,0,0,0,0.0,0.45792348419254614,0.8938539064585631,1.0,0.7407109562604437,12,Forte
Ogou,269114.625,2216.0074216256926,103.26731580967,121.44121105992232,430,15.978321505195044,0,1,1,0,2,0,0,0.0,0.5699761450066273,0.7666066596258551,1.0,0.7346331218529929,13,Forte
Tone,494159.125,1237.7385960242552,335.4780210454854,399.2435289545712,1273,25.760932776461427,1,1,2,0,4,0,0,0.0,0.7182120487973546,0.5803640547295916,1.0,0.7194304414107786,14,Forte
Keran,135868.5625,1701.1987100110557,67.66362674302789,79.86636816760637,133,9.788872241877144,0,2,2,0,4,0,0,0.0,0.4032686850087434,0.884442186532605,1.0,0.7150843486165395,15,Forte
Amou,158955.25,1786.9451705465492,75.44150450878026,88.95362466626912,196,12.33051440578402,0,0,0,0,0,0,0,0.0,0.44154826119239743,0.8360540778575155,1.0,0.7110409356199652,16,Forte
Golfe,1568848.125,152.02910608340565,8715.822916666666,10319.393209740403,2633,16.783013970839274,5,13,18,0,36,1,26,0.1657266856216563,1.0,0.7512868215186033,0.0,0.7005147286074414,17,Forte
Moyen-Mono,99231.171875,587.6161252577408,144.6518540451895,168.87074334707054,79,7.961208006241738,0,1,1,0,2,0,0,0.0,0.32662033292844767,0.9192374920682824,1.0,0.6983431299986921,18,Forte
Lome Commune,1021683.375,129.90623058251944,6549.252403846154,7864.775772637041,3377,33.0532930517735,9,11,20,0,40,2,5,0.0489388407636563,0.8953843706967264,0.44153116687833616,0.8076923076923077,0.6963046765684865,19,Forte
Vo,255998.53125,744.3469216910078,298.0192447613504,343.92367831443755,559,21.836062780145344,0,0,0,0,0,0,0,0.0,0.5577884590783102,0.6550862318378791,1.0,0.6851498763664757,20,Forte
Bas-Mono,125545.5546875,369.63704319940217,290.61470992476853,339.6454900754467,180,14.337425203787149,0,2,2,0,4,0,0,0.0,0.38399429043634065,0.7978462533360209,1.0,0.6727362175089446,21,Forte
Akébou,71477.703125,1118.2023322078194,54.14977509469697,63.9219764314673,88,12.31153158994293,0,0,0,0,0,0,0,0.0,0.2465986185335214,0.8364154751340173,1.0,0.6332056374670155,22,Moyenne
Kloto,196471.6875,554.5449235755722,307.4674295774648,354.293546198562,499,25.398061489139497,1,1,2,0,4,0,0,0.0,0.49323397029447374,0.5872724447206568,1.0,0.6322025660060522,23,Moyenne
Wawa,118764.78125,1209.4787897878757,83.46084416725229,98.19500949729724,233,19.618610630834635,0,0,0,0,0,0,0,0.0,0.370450932878504,0.6973023695406484,1.0,0.627101320967661,24,Moyenne
Doufelgou,97402.1875,1322.4249475006989,61.80341846446701,73.65422717114048,184,18.890746165223447,0,1,1,0,2,0,0,0.0,0.32208256941037416,0.7111595463544732,1.0,0.613296846305939,25,Moyenne
Lacs,186850.3125,322.7003241526899,517.5908933518006,579.0211490819244,544,29.11421408513834,0,0,0,0,0,0,0,0.0,0.48098658691250945,0.5165238561813472,1.0,0.5990041772375427,26,Moyenne
Kpélé,108701.3125,1030.579058130278,89.7616123038811,105.47595707718988,273,25.114692152406164,1,1,2,0,4,0,0,0.0,0.3488540160250885,0.5926672664055329,1.0,0.5766085129722487,27,Moyenne
Agou,94760.84375,1008.0988414515184,80.64752659574468,93.99955624743892,227,23.955042084563544,0,1,1,0,2,0,0,0.0,0.31537664163146467,0.6147448327540503,1.0,0.572048589754206,28,Moyenne
Plaine de Mô,26007.57421875,1256.2857390457086,17.961031919026244,20.701957691970374,26,9.99708768734589,0,0,0,0,0,0,0,0.0,0.0,0.880478154244249,1.0,0.5521912616976996,29,Moyenne
Binah,79556.546875,447.0241549470343,150.390447778828,177.96923498334507,194,24.38517100356488,0,0,0,0,0,0,0,0.0,0.27271804723557996,0.606555983366636,1.0,0.5517096122408864,30,Moyenne
Bassar,133646.59375,3271.3452440643173,34.5876277820911,40.85371117355916,427,31.94993512507684,1,2,3,0,6,0,0,0.0,0.3992466826043556,0.4625370362421226,1.0,0.5447134875385913,31,Moyenne
Tchaoudjo,257057.4375,2388.9981460985896,90.96158439490446,107.60051778181318,1406,54.69594708770098,1,3,4,0,8,0,0,0.0,0.5587953273279254,0.029495550543561122,1.0,0.43531635114859457,32,Moyenne
Kozah,280023.71875,1073.7255957183822,220.66486899133176,260.79635231443706,1575,56.24523547614661,1,1,2,0,4,0,0,0.0,0.5796688148308204,0.0,1.0,0.4318675259323282,33,Moyenne
Assoli,62046.875,989.6563342836253,53.0315170940171,62.69537500097282,231,37.229916897506925,0,1,1,0,2,0,0,0.0,0.2120852951056746,0.36201606777734274,1.0,0.42964054515320693,34,Moyenne
Cinkassé,94198.359375,242.8124769073372,340.06627933213,387.9469480925738,410,43.52517418778027,1,1,2,0,4,0,0,0.0,0.31392446295495763,0.24216615411712994,1.0,0.42243624682883507,35,Moyenne
Sotouboua,83606.1015625,3186.2841969284927,22.241580623171057,26.239373638765315,361,43.17866677830126,1,2,3,0,6,0,0,0.0,0.28482824817167013,0.2487630065083497,1.0,0.413436501872008,36,Moyenne
Danyi,37162.73046875,363.63721103497744,87.0321556645199,102.19727063404244,132,35.51945681467036,0,0,0,0,0,0,0,0.0,0.08705747571358255,0.3945800256578158,1.0,0.39265500054855934,37,Moyenne
